AA,AC,AD,AE,AF,AG,AH,AI,AK,AL,AM,AN,AP,AQ,AR,AS,AT,AV,AW,AY
A,103.38,99.81,100.00,100.19,100.38,100.57,99.81,100.57,100.19,100.76,100.19,99.62,100.38,100.00,99.81,100.19,100.38,100.95,99.62,100.19
C,99.81,100.57,99.62,100.19,99.81,100.38,99.43,100.19,99.81,100.38,99.62,99.24,100.00,99.62,99.43,100.00,100.19,100.57,99.05,99.81
D,100.00,99.62,100.57,99.81,100.19,99.81,100.38,99.81,100.19,100.00,99.62,100.38,99.81,100.57,100.00,99.62,100.19,99.81,100.38,99.62
E,100.19,100.19,99.81,100.57,99.81,100.00,100.19,100.38,99.62,99.81,100.00,99.81,100.19,100.38,99.62,100.57,99.81,100.00,100.19,100.38
F,100.38,99.81,100.19,99.81,100.57,99.62,99.81,100.00,100.38,99.62,99.81,100.19,99.81,100.00,100.38,99.62,100.57,99.81,100.19,99.81
G,100.57,100.38,99.81,100.00,99.62,100.19,99.81,100.38,99.81,100.57,100.00,99.62,100.19,99.81,100.38,99.81,100.00,100.19,99.62,100.38
H,99.81,99.43,100.38,100.19,99.81,99.81,100.57,99.62,100.00,99.81,100.19,100.38,99.62,99.81,100.57,100.00,99.81,100.19,100.38,99.62
I,100.57,100.19,99.81,100.38,100.00,100.38,99.62,100.57,99.81,100.19,99.81,100.00,100.38,99.62,99.81,100.57,100.00,99.81,100.19,100.38
K,100.19,99.81,100.19,99.62,100.38,99.81,100.00,99.81,100.57,99.62,100.00,99.81,100.19,100.38,99.62,99.81,100.57,100.00,99.81,100.19
L,100.76,100.38,100.00,99.81,99.62,100.57,99.81,100.19,99.62,100.38,99.81,100.00,99.81,100.19,100.38,99.62,99.81,100.57,100.00,99.81
M,100.19,99.62,99.62,100.00,99.81,100.00,100.19,99.81,100.00,99.81,100.38,99.62,100.19,99.81,100.00,100.38,99.62,99.81,100.19,100.00
N,99.62,99.24,100.38,99.81,100.19,99.62,100.38,100.00,99.81,100.00,99.62,100.19,99.81,100.38,99.62,99.81,100.00,100.19,99.81,100.38
P,100.38,100.00,99.81,100.19,99.81,100.19,99.62,100.38,100.19,99.81,100.19,99.81,100.57,99.62,100.00,100.38,99.81,100.00,99.62,99.81
Q,100.00,99.62,100.57,100.38,100.00,99.81,99.81,99.62,100.38,100.19,99.81,100.38,99.62,100.57,99.81,100.00,100.19,99.81,100.38,99.62
R,99.81,99.43,100.00,99.62,100.38,100.38,100.57,99.81,99.62,100.38,100.00,99.62,100.00,99.81,100.19,99.62,100.38,99.81,100.00,100.19
S,100.19,100.00,99.62,100.57,99.62,99.81,100.00,100.57,99.81,99.62,100.38,99.81,100.38,100.00,99.62,100.19,99.81,100.00,99.62,100.38
T,100.38,100.19,100.19,99.81,100.57,100.00,99.81,100.00,100.57,99.81,99.62,100.00,99.81,100.19,100.38,99.81,100.57,100.00,99.81,100.19
V,100.95,100.57,99.81,100.00,99.81,100.19,100.19,99.81,100.00,100.57,99.81,100.19,100.00,99.81,99.81,100.00,100.00,100.19,99.62,99.81
W,99.62,99.05,100.38,100.19,100.19,99.62,100.38,100.19,99.81,100.00,100.19,99.81,99.62,100.38,100.00,99.62,99.81,99.62,100.57,99.81
Y,100.19,99.81,99.62,100.38,99.81,100.38,99.62,100.38,100.19,99.81,100.00,100.38,99.81,99.62,100.19,100.38,100.19,99.81,99.81,100.57
